"Id";"Designator";"Footprint";"Quantity";"Designation";"Supplier and ref";
1;"C1";"C_0402_1005Metric";1;"1.0uF";;;
2;"C2";"C_0402_1005Metric";1;"22uF";;;
3;"J1";"USB_C_Receptacle_HRO_TYPE-C-31-M-12";1;"USB_C_Receptacle_USB2.0_14P";;;
4;"KB-SW1, KB-SW2, KB-SW3, KB-SW4";"SW_Cherry_MX_1.00u_PCB";4;"SW_Push";;;
5;"L1";"0806";1;"2.2uH";;;
6;"R1, R2";"R_0603_1608Metric";2;"5.1k";;;
7;"R3";"R_0603_1608Metric";1;"10k";;;
8;"RST1";"SW_SPST_PTS645Sx43SMTR92";1;"SW_Push";;;
9;"U1";"ESP32-S3-WROOM-1";1;"ESP32-S3-WROOM-1";;;
10;"U2";"Texas_DSG0008A_WSON-8-1EP_2x2mm_P0.5mm_EP0.9x1.6mm_ThermalVias";1;"TPS62162DSG";;;
